  a,b,c,d,e,f,g,h,i,j,k
  0.052,27.47,2.76335,2.35194,0.230441,2.1215,0,
  0.062,37.4732,7.20964,2.24504,0.323194,1.92185,0,
  0.072,46.5176,11.4639,2.14237,0.407112,1.73526,0,
  0.082,54.6663,15.5342,2.04377,0.482776,1.56099,0,
  0.092,61.9788,19.4279,1.94908,0.550732,1.39834,0,
  0.102,68.5112,23.1525,1.85813,0.611496,1.24664,0,
  0.112,74.3162,26.7148,1.7708,0.665554,1.10525,0,
  0.122,79.4437,30.1216,1.68694,0.713364,0.973572,0,
  0.132,83.9404,33.3792,1.6064,0.755358,0.851047,0,
  0.142,87.8505,36.4939,1.52907,0.79194,0.737135,0,
  0.152,91.2157,39.4715,1.45482,0.823494,0.631329,0,
  0.162,94.0748,42.3177,1.38353,0.850379,0.533152,0,
  0.172,96.4648,45.0379,1.31508,0.872933,0.442149,0,
  0.182,98.4201,47.6373,1.24937,0.891475,0.357891,0,
  0.192,99.9734,50.1208,1.18628,0.906304,0.279973,0,
  0.202,101.155,52.4934,1.12571,0.9177,0.208012,0,
  0.212,101.994,54.7595,1.06757,0.925929,0.141645,0,
  0.222,102.517,56.9236,1.01177,0.931238,0.0805302,0,
  0.232,102.749,58.9898,0.958203,0.933859,0.0243434,0,
  0.242,102.714,60.9623,0.906792,0.934012,-0.0272206,0,
  0.252,102.435,62.8448,0.85745,0.931901,-0.074451,0,
  0.262,101.931,64.6411,0.810097,0.927718,-0.11762,0,
  0.272,101.224,66.3548,0.764656,0.921642,-0.156986,0,
  0.282,100.33,67.9893,0.721051,0.913843,-0.192791,0,
  0.292,99.2673,69.5478,0.679212,0.904477,-0.225266,0,
  0.302,98.0516,71.0336,0.639067,0.893693,-0.254626,0,
  0.312,96.698,72.4495,0.600552,0.881628,-0.281076,0,
  0.322,95.2204,73.7985,0.563602,0.868411,-0.304809,0,
  0.332,93.6318,75.0834,0.528156,0.854162,-0.326006,0,
  0.342,91.9444,76.3068,0.494155,0.838993,-0.344838,0,
  0.352,90.1694,77.4713,0.461542,0.823008,-0.361467,0,
  0.362,88.3176,78.5793,0.430261,0.806306,-0.376045,0,
  0.372,86.3986,79.6331,0.400261,0.788976,-0.388714,0,
  0.382,84.4217,80.6351,0.371491,0.771103,-0.399611,0,
  0.392,82.3952,81.5872,0.343903,0.752764,-0.408862,0,
  0.402,80.3272,82.4917,0.317449,0.734034,-0.416585,0,
  0.412,78.2248,83.3505,0.292085,0.714979,-0.422894,0,
  0.422,76.0948,84.1654,0.267767,0.695661,-0.427894,0,
  0.432,73.9435,84.9384,0.244454,0.676138,-0.431684,0,
  0.442,71.7766,85.6711,0.222106,0.656463,-0.434357,0,
  0.452,69.5995,86.3652,0.200685,0.636686,-0.436001,0,
  0.462,67.417,87.0224,0.180153,0.616852,-0.436699,0,
  0.472,65.2337,87.6441,0.160476,0.597002,-0.436526,0,
  0.482,63.0537,88.2318,0.141619,0.577175,-0.435556,0,
  0.492,60.8807,88.787,0.123549,0.557405,-0.433857,0,
  0.502,58.7183,89.311,0.106235,0.537725,-0.431491,0,
  0.512,56.5695,89.8051,0.0896461,0.518164,-0.428518,0,
  0.522,54.4373,90.2705,0.0737542,0.498748,-0.424994,0,
  0.532,52.3242,90.7085,0.0585309,0.479502,-0.420971,0,
  0.542,50.2326,91.1202,0.0439493,0.460446,-0.416497,0,
  0.552,48.1646,91.5067,0.0299837,0.441602,-0.411618,0,
  0.562,46.1221,91.869,0.0166094,0.422986,-0.406377,0,
  0.572,44.1068,92.2082,0.00380248,0.404615,-0.400812,0,
  0.582,42.1202,92.5252,-0.00845988,0.386501,-0.394961,0,
  0.592,40.1636,92.821,-0.0201997,0.368659,-0.388858,0,
  0.602,38.2382,93.0963,-0.031438,0.351097,-0.382535,0,
  0.612,36.345,93.3522,-0.042195,0.333827,-0.376022,0,
  0.622,34.4848,93.5894,-0.0524902,0.316856,-0.369346,0,
  0.632,32.6585,93.8087,-0.0623423,0.300191,-0.362533,0,
  0.642,30.8666,94.0109,-0.0717691,0.283838,-0.355607,0,
  0.652,29.1095,94.1966,-0.0807881,0.267801,-0.348589,0,
  0.662,27.3878,94.3666,-0.0894156,0.252085,-0.341501,0,
  0.672,25.7017,94.5215,-0.0976676,0.236692,-0.334359,0,
  0.682,24.0515,94.662,-0.105559,0.221624,-0.327183,0,
  0.692,22.4371,94.7886,-0.113105,0.206883,-0.319988,0,
  0.702,20.8588,94.902,-0.12032,0.192469,-0.312788,0,
  0.712,19.0163,95.0028,-0.127216,0.175628,-0.302844,1,
  0.722,17.5232,95.0914,-0.133807,0.161991,-0.295798,1,
  0.732,16.0653,95.1683,-0.140105,0.148673,-0.288779,1,
  0.742,14.6424,95.2341,-0.146123,0.135674,-0.281797,1,
  0.752,13.2542,95.2893,-0.151871,0.122991,-0.274863,1,
  0.762,11.9005,95.3343,-0.157361,0.110623,-0.267984,1,
  0.772,10.5811,95.3695,-0.162603,0.098566,-0.261169,1,
  0.782,9.29551,95.3953,-0.167608,0.0868176,-0.254425,1,
  0.792,8.04342,95.4122,-0.172384,0.0753743,-0.247758,1,
  0.802,6.82441,95.4205,-0.176942,0.0642326,-0.241174,1,
  0.812,5.63806,95.4206,-0.18129,0.0533886,-0.234678,1,
  0.822,4.48392,95.4129,-0.185437,0.0428381,-0.228275,1,
  0.832,3.3615,95.3977,-0.189391,0.032577,-0.221968,1,
  0.842,2.27033,95.3752,-0.19316,0.0226008,-0.215761,1,
  0.852,1.20987,95.3459,-0.196752,0.0129048,-0.209657,1,
  0.862,0.179629,95.3101,-0.200174,0.00348443,-0.203658,1,
  0.872,-0.820946,95.2679,-0.203432,-0.00566526,-0.197767,1,
  0.882,-1.79239,95.2198,-0.206535,-0.0145492,-0.191986,1,
  0.892,-2.73526,95.1658,-0.209487,-0.0231723,-0.186315,1,
  0.902,-3.65012,95.1064,-0.212296,-0.0315396,-0.180756,1,
  0.912,-4.53751,95.0417,-0.214966,-0.0396564,-0.17531,1,
  0.922,-5.39802,94.972,-0.217505,-0.0475276,-0.169977,1,
  0.932,-6.2322,94.8975,-0.219916,-0.0551586,-0.164758,1,
  0.942,-7.04063,94.8184,-0.222207,-0.0625543,-0.159652,1,
  0.952,-7.82387,94.7349,-0.22438,-0.0697201,-0.15466,1,
  0.962,-8.58249,94.6473,-0.226442,-0.0766609,-0.149781,1,
  0.972,-9.31705,94.5556,-0.228397,-0.0833821,-0.145015,1,
  0.982,-10.0281,94.4601,-0.230249,-0.0898887,-0.140361,1,
  0.992,-10.7162,94.3609,-0.232003,-0.0961857,-0.135817,1,
  1.002,-11.382,94.2583,-0.233663,-0.102278,-0.131384,1,
  1.012,-12.0259,94.1523,-0.235232,-0.108171,-0.12706,1,
  1.022,-12.6485,94.0432,-0.236714,-0.11387,-0.122844,1,
  1.032,-13.2504,93.931,-0.238113,-0.119378,-0.118735,1,
  1.042,-13.832,93.8159,-0.239433,-0.124702,-0.114731,1,
  1.052,-14.3939,93.6981,-0.240676,-0.129846,-0.11083,1,
  1.062,-14.9366,93.5776,-0.241847,-0.134814,-0.107032,1,
  1.072,-15.4606,93.4547,-0.242947,-0.139612,-0.103335,1,
  1.082,-15.9665,93.3293,-0.24398,-0.144243,-0.0997365,1,
  1.092,-16.4546,93.2017,-0.244948,-0.148713,-0.0962354,1,
  1.102,-16.9255,93.0719,-0.245855,-0.153025,-0.0928301,1,
  1.112,-17.3797,92.9401,-0.246702,-0.157184,-0.0895187,1,
  1.122,-17.8176,92.8063,-0.247493,-0.161194,-0.0862994,1,
  1.132,-18.2397,92.6706,-0.24823,-0.165059,-0.0831705,1,
  1.142,-18.6464,92.5332,-0.248914,-0.168784,-0.0801303,1,
  1.152,-19.0381,92.394,-0.249549,-0.172372,-0.0771767,1,
  1.162,-19.4154,92.2533,-0.250136,-0.175828,-0.0743081,1,
  1.172,-19.7785,92.111,-0.250677,-0.179155,-0.0715226,1,
  1.182,-20.128,91.9673,-0.251175,-0.182356,-0.0688184,1,
  1.192,-20.4642,91.8222,-0.25163,-0.185436,-0.0661936,1,
  1.202,-20.7875,91.6758,-0.252045,-0.188399,-0.0636465,1,
  1.212,-21.0983,91.5282,-0.252422,-0.191246,-0.0611753,1,
  1.222,-21.3969,91.3794,-0.252761,-0.193983,-0.0587781,1,
  1.232,-21.6838,91.2296,-0.253066,-0.196612,-0.0564532,1,
  1.242,-21.9593,91.0786,-0.253336,-0.199137,-0.0541988,1,
  1.252,-22.2237,90.9267,-0.253574,-0.201561,-0.0520132,1,
  1.262,-22.4774,90.7739,-0.253781,-0.203886,-0.0498947,1,
  1.272,-22.7207,90.6201,-0.253958,-0.206117,-0.0478415,1,
  1.282,-22.9539,90.4656,-0.254107,-0.208255,-0.045852,1,
  1.292,-23.1774,90.3102,-0.254228,-0.210304,-0.0439246,1,
  1.302,-23.3914,90.1542,-0.254324,-0.212266,-0.0420575,1,
  1.312,-23.5962,89.9974,-0.254394,-0.214145,-0.0402493,1,
  1.322,-23.7922,89.84,-0.254441,-0.215942,-0.0384983,1,
  1.332,-23.9795,89.6819,-0.254464,-0.217661,-0.036803,1,
  1.342,-24.1586,89.5234,-0.254466,-0.219304,-0.0351619,1,
  1.352,-24.3296,89.3642,-0.254447,-0.220873,-0.0335734,1,
  1.362,-24.4929,89.2046,-0.254407,-0.222371,-0.032036,1,
  1.372,-24.6486,89.0445,-0.254349,-0.2238,-0.0305485,1,
  1.382,-24.797,88.8841,-0.254272,-0.225162,-0.0291093,1,
  1.392,-24.9383,88.7232,-0.254177,-0.22646,-0.0277171,1,
  1.402,-25.0729,88.5619,-0.254066,-0.227695,-0.0263705,1,
  1.412,-25.2008,88.4003,-0.253938,-0.22887,-0.0250683,1,
  1.422,-25.3223,88.2384,-0.253796,-0.229987,-0.0238091,1,
  1.432,-25.4377,88.0762,-0.253638,-0.231046,-0.0225917,1,
  1.442,-25.5471,87.9138,-0.253467,-0.232052,-0.0214148,1,
  1.452,-25.6508,87.7511,-0.253282,-0.233004,-0.0202772,1,
  1.462,-25.7488,87.5882,-0.253084,-0.233906,-0.0191778,1,
  1.472,-25.8415,87.4251,-0.252874,-0.234758,-0.0181154,1,
  1.482,-25.929,87.2619,-0.252652,-0.235563,-0.017089,1,
  1.492,-26.0115,87.0985,-0.252419,-0.236322,-0.0160973,1,
  1.502,-26.0891,86.935,-0.252175,-0.237036,-0.0151394,1,
  1.512,-26.162,86.7714,-0.251921,-0.237707,-0.0142142,1,
  1.522,-26.2303,86.6077,-0.251657,-0.238337,-0.0133207,1,
  1.532,-26.2944,86.4439,-0.251384,-0.238926,-0.0124579,1,
  1.542,-26.3541,86.2801,-0.251102,-0.239477,-0.0116249,1,
  1.552,-26.4098,86.1162,-0.250812,-0.239991,-0.0108208,1,
  1.562,-26.4616,85.9524,-0.250513,-0.240469,-0.0100446,1,
  1.572,-26.5096,85.7885,-0.250207,-0.240911,-0.0092954,1,
  1.582,-26.5539,85.6246,-0.249893,-0.241321,-0.00857247,1,
  1.592,-26.5946,85.4607,-0.249573,-0.241698,-0.00787488,1,
  1.602,-26.632,85.2969,-0.249245,-0.242043,-0.00720184,1,
  1.612,-26.666,85.1331,-0.248911,-0.242359,-0.00655256,1,
  1.622,-26.6969,84.9693,-0.248571,-0.242645,-0.0059263,1,
  1.632,-26.7247,84.8056,-0.248226,-0.242903,-0.00532229,1,
  1.642,-26.7496,84.642,-0.247875,-0.243135,-0.00473985,1,
  1.652,-26.7716,84.4785,-0.247518,-0.24334,-0.00417825,1,
  1.662,-26.7908,84.3151,-0.247157,-0.24352,-0.00363679,1,
  1.672,-26.8074,84.1518,-0.24679,-0.243676,-0.00311483,1,
  1.682,-26.8215,83.9886,-0.24642,-0.243808,-0.00261176,1,
  1.692,-26.8331,83.8255,-0.246045,-0.243918,-0.00212691,1,
  1.702,-26.8423,83.6626,-0.245666,-0.244006,-0.00165972,1,
  1.712,-26.8493,83.4998,-0.245283,-0.244073,-0.00120954,1,
  1.722,-26.854,83.3371,-0.244896,-0.24412,-0.000775871,1,
  1.732,-26.8566,83.1746,-0.244506,-0.244148,-0.000358169,1,
  1.742,-26.8572,83.0123,-0.244113,-0.244157,4.41256e-05,1,
  1.752,-26.8558,82.8501,-0.243716,-0.244148,0.000431574,1,
  1.762,-26.8525,82.6881,-0.243317,-0.244121,0.000804606,1,
  1.772,-26.8474,82.5263,-0.242914,-0.244078,0.00116375,1,
  1.782,-26.8406,82.3646,-0.242509,-0.244019,0.00150946,1,
  1.792,-26.832,82.2032,-0.242102,-0.243944,0.00184217,1,
  1.802,-26.8218,82.0419,-0.241692,-0.243854,0.00216236,1,
  1.812,-26.8101,81.8808,-0.24128,-0.24375,0.00247044,1,
  1.822,-26.7968,81.72,-0.240866,-0.243633,0.00276682,1,
  1.832,-26.7821,81.5593,-0.24045,-0.243502,0.00305188,1,
  1.842,-26.7661,81.3989,-0.240032,-0.243358,0.00332606,1,
  1.852,-26.7486,81.2387,-0.239612,-0.243202,0.00358971,1,
  1.862,-26.7299,81.0787,-0.239191,-0.243034,0.00384318,1,
  1.872,-26.71,80.9189,-0.238768,-0.242855,0.00408682,1,
  1.882,-26.6888,80.7594,-0.238344,-0.242665,0.00432098,1,
  1.892,-26.6665,80.6001,-0.237918,-0.242464,0.004546,1,
  1.902,-26.6432,80.441,-0.237492,-0.242254,0.00476223,1,
  1.912,-26.6187,80.2822,-0.237064,-0.242034,0.00496986,1,
  1.922,-26.5933,80.1236,-0.236635,-0.241804,0.00516928,1,
  1.932,-26.5668,79.9652,-0.236205,-0.241566,0.00536075,1,
  1.942,-26.5395,79.8071,-0.235774,-0.241318,0.00554458,1,
  1.952,-26.5112,79.6492,-0.235342,-0.241063,0.00572104,1,
  1.962,-26.4821,79.4916,-0.23491,-0.2408,0.00589033,1,
  1.972,-26.4522,79.3342,-0.234477,-0.240529,0.00605274,1,
  1.982,-26.4214,79.1771,-0.234043,-0.240251,0.00620854,1,
  1.992,-26.3899,79.0203,-0.233609,-0.239966,0.00635792,1,
  2.002,-26.3577,78.8637,-0.233174,-0.239675,0.00650113,1,
  2.012,-26.3248,78.7073,-0.232738,-0.239377,0.00663838,1,
  2.022,-26.2912,78.5513,-0.232303,-0.239073,0.00676991,1,
  2.032,-26.257,78.3955,-0.231867,-0.238763,0.0068959,1,
  2.042,-26.2222,78.2399,-0.23143,-0.238447,0.00701654,1,
  2.052,-26.1867,78.0846,-0.230994,-0.238126,0.00713202,1,
  2.062,-26.1507,77.9296,-0.230557,-0.2378,0.00724254,1,
  2.072,-26.1142,77.7749,-0.23012,-0.237469,0.00734824,1,
  2.082,-26.0771,77.6204,-0.229683,-0.237133,0.00744935,1,
  2.092,-26.0396,77.4662,-0.229246,-0.236792,0.00754601,1,
  2.102,-26.0016,77.3123,-0.228809,-0.236448,0.00763837,1,
  2.112,-25.9631,77.1586,-0.228372,-0.236099,0.00772661,1,
  2.122,-25.9243,77.0052,-0.227935,-0.235746,0.00781086,1,
  2.132,-25.885,76.8521,-0.227498,-0.23539,0.00789127,1,
  2.142,-25.8453,76.6993,-0.227061,-0.235029,0.00796798,1,
  2.152,-25.8052,76.5467,-0.226625,-0.234666,0.00804113,1,
  2.162,-25.7648,76.3944,-0.226188,-0.234299,0.00811084,1,
  2.172,-25.724,76.2424,-0.225752,-0.233929,0.00817724,1,
  2.182,-25.683,76.0907,-0.225316,-0.233556,0.00824046,1,
  2.192,-25.6416,75.9393,-0.22488,-0.233181,0.0083006,1,
  2.202,-25.5999,75.7881,-0.224445,-0.232802,0.00835778,1,
  2.212,-25.558,75.6372,-0.224009,-0.232422,0.00841212,1,
  2.222,-25.5157,75.4866,-0.223574,-0.232038,0.0084637,1,
  2.232,-25.4733,75.3363,-0.22314,-0.231653,0.00851265,1,
  2.242,-25.4306,75.1862,-0.222706,-0.231265,0.00855903,1,
  2.252,-25.3876,75.0364,-0.222272,-0.230875,0.00860298,1,
  2.262,-25.3445,74.8869,-0.221839,-0.230483,0.00864457,1,
  2.272,-25.3012,74.7377,-0.221406,-0.230089,0.00868387,1,
  2.282,-25.2576,74.5888,-0.220973,-0.229694,0.00872097,1,
  2.292,-25.2139,74.4401,-0.220541,-0.229297,0.00875599,1,
  2.302,-25.17,74.2918,-0.220109,-0.228898,0.00878896,1,
  2.312,-25.126,74.1437,-0.219678,-0.228498,0.00881997,1,
  2.322,-25.0818,73.9959,-0.219248,-0.228097,0.00884913,1,
  2.332,-25.0375,73.8484,-0.218818,-0.227694,0.00887648,1,
  2.342,-24.993,73.7011,-0.218388,-0.22729,0.00890207,1,
  2.352,-24.9484,73.5542,-0.217959,-0.226885,0.008926,1,
  2.362,-24.9037,73.4075,-0.217531,-0.226479,0.00894831,1,
  2.372,-24.8589,73.2611,-0.217103,-0.226072,0.00896906,1,
  2.382,-24.814,73.115,-0.216675,-0.225664,0.00898833,1,
  2.392,-24.769,72.9692,-0.216249,-0.225255,0.00900618,1,
  2.402,-24.724,72.8236,-0.215823,-0.224845,0.00902261,1,
  2.412,-24.6788,72.6783,-0.215397,-0.224435,0.00903773,1,
  2.422,-24.6336,72.5333,-0.214972,-0.224024,0.00905156,1,
  2.432,-24.5883,72.3886,-0.214548,-0.223612,0.00906417,1,
  2.442,-24.5429,72.2442,-0.214124,-0.2232,0.00907559,1,
  2.452,-24.4975,72.1001,-0.213701,-0.222787,0.00908588,1,
  2.462,-24.452,71.9562,-0.213279,-0.222374,0.00909504,1,
  2.472,-24.4065,71.8126,-0.212857,-0.22196,0.00910319,1,
  2.482,-24.361,71.6693,-0.212436,-0.221547,0.00911031,1,
  2.492,-24.3154,71.5263,-0.212016,-0.221132,0.00911647,1,
  2.502,-24.2698,71.3835,-0.211596,-0.220718,0.00912169,1,
  2.512,-24.2242,71.241,-0.211177,-0.220303,0.00912602,1,
  2.522,-24.1786,71.0988,-0.210759,-0.219888,0.00912947,1,
  2.532,-24.1329,70.9569,-0.210341,-0.219473,0.0091321,1,
  2.542,-24.0873,70.8153,-0.209924,-0.219058,0.00913394,1,
  2.552,-24.0416,70.6739,-0.209508,-0.218643,0.009135,1,
  2.562,-23.9959,70.5328,-0.209092,-0.218228,0.00913533,1,
  2.572,-23.9502,70.392,-0.208678,-0.217813,0.00913496,1,
  2.582,-23.9046,70.2515,-0.208263,-0.217397,0.0091339,1,
  2.592,-23.8589,70.1112,-0.20785,-0.216982,0.00913218,1,
  2.602,-23.8133,69.9713,-0.207437,-0.216567,0.00912985,1,
  2.612,-23.7676,69.8316,-0.207025,-0.216152,0.00912692,1,
  2.622,-23.722,69.6921,-0.206614,-0.215737,0.00912339,1,
  2.632,-23.6764,69.553,-0.206203,-0.215323,0.00911932,1,
  2.642,-23.6308,69.4141,-0.205794,-0.214908,0.00911471,1,
  2.652,-23.5852,69.2755,-0.205385,-0.214494,0.00910959,1,
  2.662,-23.5397,69.1372,-0.204976,-0.21408,0.00910398,1,
  2.672,-23.4942,68.9991,-0.204569,-0.213666,0.00909791,1,
  2.682,-23.4487,68.8613,-0.204162,-0.213253,0.00909138,1,
  2.692,-23.4033,68.7238,-0.203755,-0.21284,0.00908439,1,
  2.702,-23.3579,68.5866,-0.20335,-0.212427,0.00907702,1,
  2.712,-23.3125,68.4496,-0.202945,-0.212015,0.00906924,1,
  2.722,-23.2672,68.3129,-0.202541,-0.211603,0.00906109,1,
  2.732,-23.2219,68.1765,-0.202138,-0.211191,0.00905256,1,
  2.742,-23.1767,68.0403,-0.201736,-0.21078,0.00904371,1,
  2.752,-23.1315,67.9044,-0.201334,-0.210369,0.00903446,1,
  2.762,-23.0864,67.7688,-0.200933,-0.209958,0.0090249,1,
  2.772,-23.0413,67.6334,-0.200533,-0.209548,0.00901503,1,
  2.782,-22.9962,67.4984,-0.200134,-0.209138,0.00900492,1,
  2.792,-22.9512,67.3635,-0.199735,-0.208729,0.00899451,1,
  2.802,-22.9063,67.229,-0.199337,-0.208321,0.00898383,1,
  2.812,-22.8614,67.0947,-0.19894,-0.207912,0.00897287,1,
  2.822,-22.8166,66.9607,-0.198543,-0.207505,0.00896168,1,
  2.832,-22.7718,66.827,-0.198147,-0.207098,0.00895025,1,
  2.842,-22.7271,66.6935,-0.197752,-0.206691,0.00893857,1,
  2.852,-22.6824,66.5602,-0.197358,-0.206285,0.00892671,1,
  2.862,-22.6378,66.4273,-0.196965,-0.205879,0.00891463,1,
  2.872,-22.5933,66.2946,-0.196572,-0.205474,0.00890234,1,
  2.882,-22.5488,66.1622,-0.19618,-0.20507,0.0088899,1,
  2.892,-22.5044,66.03,-0.195789,-0.204666,0.00887723,1,
  2.902,-22.4601,65.8981,-0.195398,-0.204263,0.00886441,1,
  2.912,-22.4158,65.7665,-0.195009,-0.20386,0.00885143,1,
  2.922,-22.3715,65.6351,-0.19462,-0.203458,0.00883828,1,
  2.932,-22.3274,65.504,-0.194232,-0.203057,0.00882498,1,
  2.942,-22.2833,65.3731,-0.193844,-0.202656,0.00881156,1,
  2.952,-22.2393,65.2426,-0.193457,-0.202255,0.00879799,1,
  2.962,-22.1953,65.1122,-0.193071,-0.201856,0.00878429,1,
  2.972,-22.1515,64.9821,-0.192686,-0.201457,0.00877047,1,
  2.982,-22.1077,64.8523,-0.192302,-0.201058,0.00875654,1,
  2.992,-22.0639,64.7228,-0.191918,-0.200661,0.00874249,1,
  3.002,-22.0202,64.5935,-0.191535,-0.200263,0.00872832,1,
  3.012,-21.9766,64.4644,-0.191153,-0.199867,0.00871406,1,
  3.022,-21.9331,64.3357,-0.190771,-0.199471,0.0086997,1,
  3.032,-21.8897,64.2071,-0.190391,-0.199076,0.00868525,1,
  3.042,-21.8463,64.0789,-0.190011,-0.198681,0.00867072,1,
  3.052,-21.803,63.9509,-0.189631,-0.198288,0.00865612,1,
  3.062,-21.7597,63.8231,-0.189253,-0.197894,0.00864145,1,
  3.072,-21.7166,63.6956,-0.188875,-0.197502,0.00862668,1,
  3.082,-21.6735,63.5683,-0.188498,-0.19711,0.00861186,1,
  3.092,-21.6305,63.4413,-0.188122,-0.196719,0.00859697,1,
  3.102,-21.5875,63.3146,-0.187746,-0.196328,0.00858202,1,
  3.112,-21.5447,63.1881,-0.187371,-0.195938,0.00856703,1,
  3.122,-21.5019,63.0619,-0.186997,-0.195549,0.00855197,1,
  3.132,-21.4592,62.9359,-0.186624,-0.195161,0.00853687,1,
  3.142,-21.4165,62.8102,-0.186251,-0.194773,0.00852171,1,
  3.152,-21.374,62.6847,-0.18588,-0.194386,0.00850651,1,
  3.162,-21.3315,62.5594,-0.185508,-0.194,0.00849128,1,
  3.172,-21.2891,62.4344,-0.185138,-0.193614,0.008476,1,
  3.182,-21.2467,62.3097,-0.184768,-0.193229,0.0084607,1,
  3.192,-21.2045,62.1852,-0.184399,-0.192845,0.00844535,1,
  3.202,-21.1623,62.061,-0.184031,-0.192461,0.00842997,1,
  3.212,-21.1202,61.937,-0.183664,-0.192078,0.00841456,1,
  3.222,-21.0782,61.8133,-0.183297,-0.191696,0.00839913,1,
  3.232,-21.0362,61.6898,-0.182931,-0.191314,0.00838367,1,
  3.242,-20.9943,61.5665,-0.182565,-0.190934,0.0083682,1,
  3.252,-20.9525,61.4435,-0.182201,-0.190554,0.00835272,1,
  3.262,-20.9108,61.3207,-0.181837,-0.190174,0.0083372,1,
  3.272,-20.8692,61.1982,-0.181474,-0.189796,0.00832168,1,
  3.282,-20.8276,61.076,-0.181111,-0.189418,0.00830615,1,
  3.292,-20.7861,60.9539,-0.18075,-0.18904,0.00829059,1,
  3.302,-20.7447,60.8322,-0.180389,-0.188664,0.00827504,1,
  3.312,-20.7034,60.7106,-0.180028,-0.188288,0.00825946,1,
  3.322,-20.6622,60.5893,-0.179669,-0.187913,0.00824388,1,
  3.332,-20.621,60.4683,-0.17931,-0.187538,0.0082283,1,
  3.342,-20.5799,60.3475,-0.178952,-0.187165,0.00821273,1,
  3.352,-20.5389,60.2269,-0.178594,-0.186792,0.00819713,1,
  3.362,-20.4979,60.1066,-0.178238,-0.186419,0.00818154,1,
  3.372,-20.4571,59.9865,-0.177882,-0.186048,0.00816595,1,
  3.382,-20.4163,59.8666,-0.177526,-0.185677,0.00815038,1,
  3.392,-20.3756,59.747,-0.177172,-0.185307,0.0081348,1,
  3.402,-20.335,59.6276,-0.176818,-0.184937,0.00811922,1,
  3.412,-20.2944,59.5085,-0.176465,-0.184568,0.00810364,1,
  3.422,-20.2539,59.3896,-0.176112,-0.1842,0.00808807,1,
  3.432,-20.2135,59.271,-0.17576,-0.183833,0.00807251,1,
  3.442,-20.1732,59.1525,-0.175409,-0.183466,0.00805696,1,
  3.452,-20.133,59.0344,-0.175059,-0.1831,0.0080414,1,
  3.462,-20.0928,58.9164,-0.174709,-0.182735,0.00802587,1,
  3.472,-20.0527,58.7987,-0.17436,-0.18237,0.00801035,1,
  3.482,-20.0127,58.6812,-0.174012,-0.182007,0.00799484,1,
  3.492,-19.9728,58.564,-0.173664,-0.181644,0.00797932,1,
  3.502,-19.933,58.447,-0.173317,-0.181281,0.00796384,1,
  3.512,-19.8932,58.3302,-0.172971,-0.180919,0.00794837,1,
  3.522,-19.8535,58.2137,-0.172626,-0.180558,0.0079329,1,
  3.532,-19.8139,58.0973,-0.172281,-0.180198,0.00791744,1,
  3.542,-19.7743,57.9813,-0.171937,-0.179839,0.007902,1,
  3.552,-19.7349,57.8654,-0.171593,-0.17948,0.00788658,1,
  3.562,-19.6955,57.7498,-0.17125,-0.179121,0.00787118,1,
  3.572,-19.6562,57.6344,-0.170908,-0.178764,0.00785579,1,
  3.582,-19.6169,57.5193,-0.170567,-0.178407,0.00784043,1,
  3.592,-19.5778,57.4044,-0.170226,-0.178051,0.00782508,1,
  3.602,-19.5387,57.2897,-0.169886,-0.177696,0.00780974,1,
  3.612,-19.4997,57.1752,-0.169546,-0.177341,0.00779442,1,
  3.622,-19.4608,57.061,-0.169208,-0.176987,0.00777911,1,
  3.632,-19.4219,56.947,-0.16887,-0.176634,0.00776386,1,
  3.642,-19.3832,56.8332,-0.168532,-0.176281,0.00774861,1,
  3.652,-19.3445,56.7196,-0.168196,-0.175929,0.00773336,1,
  3.662,-19.3058,56.6063,-0.16786,-0.175578,0.00771814,1,
  3.672,-19.2673,56.4932,-0.167524,-0.175227,0.00770295,1,
  3.682,-19.2288,56.3803,-0.16719,-0.174877,0.00768777,1,
  3.692,-19.1904,56.2677,-0.166856,-0.174528,0.00767262,1,
  3.702,-19.1521,56.1553,-0.166522,-0.17418,0.00765751,1,
  3.712,-19.1139,56.0431,-0.166189,-0.173832,0.0076424,1,
  3.722,-19.0757,55.9311,-0.165857,-0.173485,0.00762731,1,
  3.732,-19.0376,55.8193,-0.165526,-0.173138,0.00761225,1,
  3.742,-18.9996,55.7078,-0.165195,-0.172793,0.00759722,1,
  3.752,-18.9617,55.5965,-0.164865,-0.172448,0.00758221,1,
  3.762,-18.9238,55.4854,-0.164536,-0.172103,0.00756719,1,
  3.772,-18.886,55.3746,-0.164207,-0.17176,0.00755224,1,
  3.782,-18.8483,55.2639,-0.163879,-0.171416,0.00753729,1,
  3.792,-18.8106,55.1535,-0.163552,-0.171074,0.00752237,1,
  3.802,-18.7731,55.0433,-0.163225,-0.170733,0.00750747,1,
  3.812,-18.7356,54.9333,-0.162899,-0.170392,0.0074926,1,
  3.822,-18.6982,54.8236,-0.162573,-0.170051,0.00747775,1,
  3.832,-18.6608,54.7141,-0.162249,-0.169712,0.00746295,1,
  3.842,-18.6235,54.6047,-0.161925,-0.169373,0.00744813,1,
  3.852,-18.5863,54.4956,-0.161601,-0.169034,0.00743337,1,
  3.862,-18.5492,54.3868,-0.161278,-0.168697,0.00741862,1,
  3.872,-18.5122,54.2781,-0.160956,-0.16836,0.00740392,1,
  3.882,-18.4752,54.1696,-0.160634,-0.168024,0.00738922,1,
  3.892,-18.4383,54.0614,-0.160313,-0.167688,0.00737455,1,
  3.902,-18.4015,53.9534,-0.159993,-0.167353,0.00735991,1,
  3.912,-18.3647,53.8456,-0.159673,-0.167019,0.00734528,1,
  3.922,-18.328,53.738,-0.159354,-0.166685,0.00733069,1,
  3.932,-18.2914,53.6306,-0.159036,-0.166352,0.00731613,1,
  3.942,-18.2549,53.5235,-0.158718,-0.16602,0.00730158,1,
  3.952,-18.2184,53.4166,-0.158401,-0.165688,0.00728705,1,
  3.962,-18.182,53.3098,-0.158085,-0.165357,0.00727257,1,
  3.972,-18.1457,53.2033,-0.157769,-0.165027,0.00725811,1,
  3.982,-18.1095,53.097,-0.157454,-0.164697,0.00724369,1,
  3.992,-18.0733,52.9909,-0.157139,-0.164368,0.00722927,1,
  4.002,-18.0372,52.8851,-0.156825,-0.16404,0.00721489,1,
  4.012,-18.0012,52.7794,-0.156512,-0.163712,0.00720052,1,
  4.022,-17.9652,52.6739,-0.156199,-0.163385,0.00718617,1,
  4.032,-17.9293,52.5687,-0.155887,-0.163059,0.00717187,1,
  4.042,-17.8935,52.4637,-0.155576,-0.162733,0.00715758,1,
  4.052,-17.8577,52.3588,-0.155265,-0.162408,0.00714331,1,
  4.062,-17.8221,52.2542,-0.154954,-0.162084,0.00712908,1,
  4.072,-17.7865,52.1498,-0.154645,-0.16176,0.00711489,1,
  4.082,-17.7509,52.0456,-0.154336,-0.161437,0.00710071,1,
  4.092,-17.7155,51.9416,-0.154028,-0.161114,0.00708658,1,
  4.102,-17.6801,51.8379,-0.15372,-0.160792,0.00707248,1,
  4.112,-17.6448,51.7343,-0.153413,-0.160471,0.00705838,1,
  4.122,-17.6095,51.6309,-0.153106,-0.16015,0.0070443,1,
  4.132,-17.5743,51.5278,-0.1528,-0.159831,0.00703028,1,
  4.142,-17.5392,51.4248,-0.152495,-0.159511,0.00701626,1,
  4.152,-17.5042,51.3221,-0.15219,-0.159193,0.00700227,1,
  4.162,-17.4692,51.2195,-0.151886,-0.158875,0.00698831,1,
  4.172,-17.4343,51.1172,-0.151583,-0.158557,0.00697438,1,
  4.182,-17.3995,51.0151,-0.15128,-0.15824,0.00696046,1,
  4.192,-17.3647,50.9131,-0.150978,-0.157924,0.00694661,1,
  4.202,-17.33,50.8114,-0.150676,-0.157609,0.00693273,1,
  4.212,-17.2954,50.7099,-0.150375,-0.157294,0.00691892,1,
  4.222,-17.2609,50.6086,-0.150074,-0.15698,0.00690511,1,
  4.232,-17.2264,50.5074,-0.149775,-0.156666,0.00689135,1,
  4.242,-17.192,50.4065,-0.149475,-0.156353,0.00687759,1,
  4.252,-17.1576,50.3058,-0.149177,-0.156041,0.00686388,1,
  4.262,-17.1233,50.2053,-0.148879,-0.155729,0.00685019,1,
  4.272,-17.0891,50.105,-0.148581,-0.155418,0.00683652,1,
  4.282,-17.055,50.0049,-0.148284,-0.155107,0.00682288,1,
  4.292,-17.0209,49.905,-0.147988,-0.154797,0.00680928,1,
  4.302,-16.9869,49.8053,-0.147692,-0.154488,0.0067957,1,
  4.312,-16.953,49.7058,-0.147397,-0.154179,0.00678213,1,
  4.322,-16.9191,49.6064,-0.147103,-0.153871,0.0067686,1,
  4.332,-16.8853,49.5073,-0.146809,-0.153564,0.00675509,1,
  4.342,-16.8516,49.4084,-0.146516,-0.153257,0.00674161,1,
  4.352,-16.8179,49.3097,-0.146223,-0.152951,0.00672815,1,
  4.362,-16.7843,49.2112,-0.145931,-0.152645,0.00671472,1,
  4.372,-16.7508,49.1129,-0.145639,-0.15234,0.00670132,1,
  4.382,-16.7173,49.0147,-0.145348,-0.152036,0.00668795,1,
  4.392,-16.6839,48.9168,-0.145058,-0.151732,0.0066746,1,
  4.402,-16.6506,48.8191,-0.144768,-0.151429,0.00666128,1,
  4.412,-16.6173,48.7215,-0.144479,-0.151127,0.00664798,1,
  4.422,-16.5841,48.6242,-0.14419,-0.150825,0.00663472,1,
  4.432,-16.551,48.527,-0.143902,-0.150523,0.00662146,1,
  4.442,-16.5179,48.4301,-0.143614,-0.150223,0.00660824,1,
  4.452,-16.4849,48.3333,-0.143327,-0.149923,0.00659504,1,
  4.462,-16.4519,48.2367,-0.143041,-0.149623,0.00658188,1,
  4.472,-16.4191,48.1404,-0.142755,-0.149324,0.00656873,1,
  4.482,-16.3863,48.0442,-0.14247,-0.149026,0.00655562,1,
  4.492,-16.3535,47.9482,-0.142185,-0.148728,0.00654251,1,
  4.502,-16.3209,47.8524,-0.141901,-0.148431,0.00652947,1,
  4.512,-16.2883,47.7568,-0.141618,-0.148134,0.00651643,1,
  4.522,-16.2557,47.6614,-0.141335,-0.147838,0.00650342,1,
  4.532,-16.2232,47.5661,-0.141052,-0.147543,0.00649044,1,
  4.542,-16.1908,47.4711,-0.140771,-0.147248,0.00647748,1,
  4.552,-16.1585,47.3762,-0.140489,-0.146954,0.00646454,1,
  4.562,-16.1262,47.2816,-0.140209,-0.14666,0.00645162,1,
  4.572,-16.094,47.1871,-0.139929,-0.146367,0.00643874,1,
  4.582,-16.0618,47.0928,-0.139649,-0.146075,0.00642588,1,
  4.592,-16.0297,46.9987,-0.13937,-0.145783,0.00641305,1,
  4.602,-15.9977,46.9048,-0.139092,-0.145492,0.00640024,1,
  4.612,-15.9657,46.8111,-0.138814,-0.145201,0.00638746,1,
  4.622,-15.9338,46.7176,-0.138536,-0.144911,0.0063747,1,
  4.632,-15.902,46.6243,-0.138259,-0.144621,0.00636197,1,
  4.642,-15.8702,46.5311,-0.137983,-0.144333,0.00634926,1,
  4.652,-15.8385,46.4381,-0.137708,-0.144044,0.00633659,1,
  4.662,-15.8069,46.3453,-0.137432,-0.143756,0.00632393,1,
  4.672,-15.7753,46.2527,-0.137158,-0.143469,0.00631129,1,
  4.682,-15.7438,46.1603,-0.136884,-0.143182,0.00629868,1,
  4.692,-15.7123,46.0681,-0.13661,-0.142896,0.00628611,1,
  4.702,-15.6809,45.9761,-0.136337,-0.142611,0.00627354,1,
  4.712,-15.6496,45.8842,-0.136065,-0.142326,0.00626102,1,
  4.722,-15.6183,45.7925,-0.135793,-0.142042,0.00624851,1,
  4.732,-15.5871,45.701,-0.135522,-0.141758,0.00623603,1,
  4.742,-15.556,45.6097,-0.135251,-0.141475,0.00622356,1,
  4.752,-15.5249,45.5186,-0.134981,-0.141192,0.00621114,1,
  4.762,-15.4939,45.4276,-0.134711,-0.14091,0.00619874,1,
  4.772,-15.4629,45.3369,-0.134442,-0.140628,0.00618636,1,
  4.782,-15.432,45.2463,-0.134173,-0.140347,0.006174,1,
  4.792,-15.4012,45.1559,-0.133905,-0.140067,0.00616167,1,
  4.802,-15.3704,45.0657,-0.133638,-0.139787,0.00614936,1,
  4.812,-15.3397,44.9756,-0.133371,-0.139508,0.00613707,1,
  4.822,-15.3091,44.8858,-0.133104,-0.139229,0.00612482,1,
  4.832,-15.2785,44.7961,-0.132838,-0.138951,0.00611258,1,
  4.842,-15.248,44.7066,-0.132573,-0.138673,0.00610038,1,
  4.852,-15.2175,44.6173,-0.132308,-0.138396,0.00608817,1,
  4.862,-15.1871,44.5281,-0.132044,-0.13812,0.00607602,1,
  4.872,-15.1567,44.4392,-0.13178,-0.137844,0.00606387,1,
  4.882,-15.1265,44.3504,-0.131516,-0.137568,0.00605176,1,
  4.892,-15.0962,44.2617,-0.131254,-0.137293,0.00603966,1,
  4.902,-15.0661,44.1733,-0.130991,-0.137019,0.0060276,1,
  4.912,-15.036,44.0851,-0.13073,-0.136745,0.00601556,1,
  4.922,-15.0059,43.997,-0.130469,-0.136472,0.00600354,1,
  4.932,-14.9759,43.9091,-0.130208,-0.136199,0.00599154,1,
  4.942,-14.946,43.8213,-0.129948,-0.135927,0.00597957,1,
  4.952,-14.9162,43.7338,-0.129688,-0.135656,0.00596762,1,
  4.962,-14.8864,43.6464,-0.129429,-0.135385,0.0059557,1,
  4.972,-14.8566,43.5592,-0.12917,-0.135114,0.00594378,1,
  4.982,-14.8269,43.4722,-0.128912,-0.134844,0.00593191,1,
  4.992,-14.7973,43.3853,-0.128655,-0.134575,0.00592004,1,
  5.002,-14.7677,43.2986,-0.128398,-0.134306,0.00590822,1,
  5.012,-14.7382,43.2121,-0.128141,-0.134038,0.00589643,1,
  5.022,-14.7088,43.1258,-0.127885,-0.13377,0.00588464,1,
  5.032,-14.6794,43.0396,-0.12763,-0.133502,0.00587289,1,
  5.042,-14.6501,42.9536,-0.127375,-0.133236,0.00586115,1,
  5.052,-14.6208,42.8678,-0.12712,-0.13297,0.00584946,1,
  5.062,-14.5916,42.7821,-0.126866,-0.132704,0.00583776,1,
  5.072,-14.5624,42.6967,-0.126613,-0.132439,0.00582611,1,
  5.082,-14.5333,42.6114,-0.12636,-0.132174,0.00581446,1,
  5.092,-14.5043,42.5262,-0.126107,-0.13191,0.00580286,1,
  5.102,-14.4753,42.4413,-0.125855,-0.131646,0.00579126,1,
  5.112,-14.4464,42.3565,-0.125604,-0.131383,0.00577969,1,
  5.122,-14.4175,42.2718,-0.125353,-0.131121,0.00576814,1,
  5.132,-14.3887,42.1874,-0.125102,-0.130859,0.00575662,1,
  5.142,-14.36,42.1031,-0.124852,-0.130598,0.00574511,1,
  5.152,-14.3313,42.019,-0.124603,-0.130337,0.00573364,1,
  5.162,-14.3027,41.935,-0.124354,-0.130076,0.00572218,1,
  5.172,-14.2741,41.8512,-0.124106,-0.129816,0.00571074,1,
  5.182,-14.2456,41.7676,-0.123858,-0.129557,0.00569932,1,
  5.192,-14.2171,41.6841,-0.12361,-0.129298,0.00568795,1,
  5.202,-14.1887,41.6009,-0.123363,-0.12904,0.00567658,1,
  5.212,-14.1603,41.5177,-0.123117,-0.128782,0.00566524,1,
  5.222,-14.1321,41.4348,-0.122871,-0.128525,0.00565393,1,
  5.232,-14.1038,41.352,-0.122625,-0.128268,0.00564264,1,
  5.242,-14.0756,41.2694,-0.12238,-0.128012,0.00563136,1,
  5.252,-14.0475,41.1869,-0.122136,-0.127756,0.00562012,1,
  5.262,-14.0194,41.1046,-0.121892,-0.127501,0.0056089,1,
  5.272,-13.9914,41.0225,-0.121648,-0.127246,0.00559768,1,
  5.282,-13.9635,40.9405,-0.121405,-0.126992,0.0055865,1,
  5.292,-13.9356,40.8587,-0.121162,-0.126738,0.00557533,1,
  5.302,-13.9077,40.7771,-0.12092,-0.126485,0.0055642,1,
  5.312,-13.88,40.6956,-0.120679,-0.126232,0.00555309,1,
  5.322,-13.8522,40.6143,-0.120438,-0.12598,0.005542,1,
  5.332,-13.8245,40.5332,-0.120197,-0.125728,0.00553092,1,
  5.342,-13.7969,40.4522,-0.119957,-0.125477,0.00551987,1,
  5.352,-13.7694,40.3714,-0.119717,-0.125226,0.00550883,1,
  5.362,-13.7418,40.2907,-0.119478,-0.124976,0.00549783,1,
  5.372,-13.7144,40.2102,-0.119239,-0.124726,0.00548684,1,
  5.382,-13.687,40.1299,-0.119001,-0.124477,0.00547589,1,
  5.392,-13.6596,40.0497,-0.118763,-0.124228,0.00546494,1,
  5.402,-13.6323,39.9697,-0.118526,-0.12398,0.00545402,1,
  5.412,-13.6051,39.8898,-0.118289,-0.123732,0.00544313,1,
  5.422,-13.5779,39.8101,-0.118053,-0.123485,0.00543225,1,
  5.432,-13.5508,39.7306,-0.117817,-0.123238,0.00542139,1,
  5.442,-13.5237,39.6512,-0.117582,-0.122992,0.00541056,1,
  5.452,-13.4967,39.572,-0.117347,-0.122746,0.00539975,1,
  5.462,-13.4697,39.4929,-0.117112,-0.122501,0.00538896,1,
  5.472,-13.4428,39.414,-0.116878,-0.122256,0.00537819,1,
  5.482,-13.416,39.3352,-0.116645,-0.122012,0.00536746,1,
  5.492,-13.3892,39.2567,-0.116412,-0.121768,0.00535673,1,
  5.502,-13.3624,39.1782,-0.116179,-0.121525,0.00534603,1,
  5.512,-13.3357,39.0999,-0.115947,-0.121282,0.00533536,1,
  5.522,-13.3091,39.0218,-0.115715,-0.12104,0.00532469,1,
  5.532,-13.2825,38.9438,-0.115484,-0.120798,0.00531406,1,
  5.542,-13.2559,38.866,-0.115253,-0.120557,0.00530344,1,
  5.552,-13.2295,38.7884,-0.115023,-0.120316,0.00529284,1,
  5.562,-13.203,38.7109,-0.114793,-0.120075,0.00528226,1,
  5.572,-13.1766,38.6335,-0.114564,-0.119836,0.00527171,1,
  5.582,-13.1503,38.5564,-0.114335,-0.119596,0.00526117,1,
  5.592,-13.124,38.4793,-0.114107,-0.119357,0.00525066,1,
  5.602,-13.0978,38.4024,-0.113879,-0.119119,0.00524016,1,
  5.612,-13.0716,38.3257,-0.113651,-0.118881,0.0052297,1,
  5.622,-13.0455,38.2491,-0.113424,-0.118643,0.00521924,1,
  5.632,-13.0195,38.1727,-0.113197,-0.118406,0.00520881,1,
  5.642,-12.9935,38.0964,-0.112971,-0.11817,0.0051984,1,
  5.652,-12.9675,38.0203,-0.112745,-0.117933,0.00518803,1,
  5.662,-12.9416,37.9444,-0.11252,-0.117698,0.00517765,1,
  5.672,-12.9157,37.8685,-0.112295,-0.117463,0.00516731,1,
  5.682,-12.8899,37.7929,-0.112071,-0.117228,0.00515698,1,
  5.692,-12.8642,37.7174,-0.111847,-0.116994,0.00514669,1,
  5.702,-12.8385,37.642,-0.111624,-0.11676,0.0051364,1,
  5.712,-12.8128,37.5668,-0.111401,-0.116527,0.00512614,1,
  5.722,-12.7872,37.4918,-0.111178,-0.116294,0.00511589,1,
  5.732,-12.7617,37.4168,-0.110956,-0.116062,0.00510568,1,
  5.742,-12.7362,37.3421,-0.110734,-0.11583,0.00509548,1,
  5.752,-12.7107,37.2675,-0.110513,-0.115598,0.0050853,1,
  5.762,-12.6853,37.193,-0.110292,-0.115367,0.00507514,1,
  5.772,-12.66,37.1187,-0.110072,-0.115137,0.005065,1,
  5.782,-12.6347,37.0445,-0.109852,-0.114907,0.00505487,1,
  5.792,-12.6094,36.9705,-0.109632,-0.114677,0.00504477,1,
  5.802,-12.5842,36.8967,-0.109413,-0.114448,0.0050347,1,
  5.812,-12.5591,36.8229,-0.109195,-0.114219,0.00502464,1,
  5.822,-12.534,36.7494,-0.108977,-0.113991,0.0050146,1,
  5.832,-12.509,36.6759,-0.108759,-0.113763,0.00500457,1,
  5.842,-12.484,36.6027,-0.108541,-0.113536,0.00499459,1,
  5.852,-12.459,36.5295,-0.108325,-0.113309,0.0049846,1,
  5.862,-12.4341,36.4565,-0.108108,-0.113083,0.00497465,1,
  5.872,-12.4093,36.3837,-0.107892,-0.112857,0.00496471,1,
  5.882,-12.3845,36.311,-0.107677,-0.112631,0.00495478,1,
  5.892,-12.3598,36.2385,-0.107461,-0.112406,0.00494489,1,
  5.902,-12.3351,36.1661,-0.107247,-0.112182,0.00493501,1,
  5.912,-12.3104,36.0938,-0.107032,-0.111958,0.00492514,1,
  5.922,-12.2858,36.0217,-0.106819,-0.111734,0.00491531,1,
  5.932,-12.2613,35.9497,-0.106605,-0.111511,0.00490549,1,
  5.942,-12.2368,35.8779,-0.106392,-0.111288,0.00489567,1,
  5.952,-12.2123,35.8062,-0.10618,-0.111066,0.00488591,1,
  5.962,-12.1879,35.7347,-0.105967,-0.110844,0.00487616,1,
  5.972,-12.1636,35.6633,-0.105756,-0.110622,0.0048664,1,
  5.982,-12.1393,35.592,-0.105544,-0.110401,0.00485667,1,
  5.992,-12.115,35.5209,-0.105334,-0.110181,0.00484696,1,
  6.002,-12.0908,35.4499,-0.105123,-0.10996,0.0048373,1,
  6.012,-12.0667,35.3791,-0.104913,-0.109741,0.00482765,1,
  6.022,-12.0425,35.3084,-0.104703,-0.109521,0.004818,1,
  6.032,-12.0185,35.2379,-0.104494,-0.109303,0.00480837,1,
  6.042,-11.9945,35.1674,-0.104285,-0.109084,0.00479876,1,
  6.052,-11.9705,35.0972,-0.104077,-0.108866,0.00478917,1,
  6.062,-11.9466,35.0271,-0.103869,-0.108649,0.00477958,1,
  6.072,-11.9227,34.9571,-0.103662,-0.108432,0.00477003,1,
  6.082,-11.8989,34.8872,-0.103455,-0.108215,0.00476049,1,
  6.092,-11.8751,34.8175,-0.103248,-0.107999,0.00475097,1,
  6.102,-11.8514,34.748,-0.103042,-0.107783,0.00474146,1,
  6.112,-11.8277,34.6785,-0.102836,-0.107568,0.00473198,1,
  6.122,-11.8041,34.6092,-0.10263,-0.107353,0.00472252,1,
  6.132,-11.7805,34.5401,-0.102425,-0.107138,0.00471309,1,
  6.142,-11.757,34.4711,-0.102221,-0.106924,0.00470368,1,
  6.152,-11.7335,34.4022,-0.102016,-0.106711,0.00469429,1,
  6.162,-11.71,34.3335,-0.101812,-0.106497,0.00468493,1,
  6.172,-11.6866,34.2649,-0.101609,-0.106285,0.00467556,1,
  6.182,-11.6633,34.1964,-0.101406,-0.106072,0.0046662,1,
  6.192,-11.64,34.1281,-0.101203,-0.10586,0.00465688,1,
  6.202,-11.6167,34.0599,-0.101001,-0.105649,0.00464758,1,
  6.212,-11.5935,33.9919,-0.100799,-0.105438,0.00463831,1,
  6.222,-11.5703,33.9239,-0.100598,-0.105227,0.00462902,1,
  6.232,-11.5472,33.8562,-0.100397,-0.105017,0.00461978,1,
  6.242,-11.5242,33.7885,-0.100196,-0.104807,0.00461056,1,
  6.252,-11.5011,33.721,-0.0999962,-0.104598,0.00460134,1,
  6.262,-11.4781,33.6536,-0.0997964,-0.104389,0.00459215,1,
  6.272,-11.4552,33.5864,-0.099597,-0.10418,0.00458298,1,
  6.282,-11.4323,33.5193,-0.099398,-0.103972,0.00457382,1,
  6.292,-11.4095,33.4523,-0.0991994,-0.103764,0.00456468,1,
  6.302,-11.3867,33.3855,-0.0990012,-0.103557,0.00455556,1,
  6.312,-11.3639,33.3188,-0.0988034,-0.10335,0.00454645,1,
  6.322,-11.3412,33.2522,-0.098606,-0.103143,0.00453737,1,
  6.332,-11.3186,33.1858,-0.098409,-0.102937,0.0045283,1,
  6.342,-11.296,33.1195,-0.0982124,-0.102732,0.00451927,1,
  6.352,-11.2734,33.0533,-0.0980162,-0.102526,0.00451023,1,
  6.362,-11.2509,32.9872,-0.0978203,-0.102322,0.00450122,1,
  6.372,-11.2284,32.9213,-0.0976249,-0.102117,0.00449222,1,
  6.382,-11.206,32.8556,-0.0974298,-0.101913,0.00448325,1,
  6.392,-11.1836,32.7899,-0.0972352,-0.101709,0.0044743,1,
  6.402,-11.1612,32.7244,-0.0970409,-0.101506,0.00446535,1,
  6.412,-11.1389,32.659,-0.096847,-0.101303,0.00445643,1,
  6.422,-11.1167,32.5938,-0.0966535,-0.101101,0.00444753,1,
  6.432,-11.0945,32.5286,-0.0964604,-0.100899,0.00443864,1,
  6.442,-11.0723,32.4636,-0.0962676,-0.100697,0.00442978,1,
  6.452,-11.0502,32.3988,-0.0960753,-0.100496,0.00442092,1,
  6.462,-11.0281,32.3341,-0.0958833,-0.100295,0.00441209,1,
  6.472,-11.0061,32.2694,-0.0956918,-0.100095,0.00440327,1,
  6.482,-10.9841,32.205,-0.0955006,-0.0998951,0.00439448,1,
  6.492,-10.9621,32.1406,-0.0953098,-0.0996955,0.0043857,1,
  6.502,-10.9402,32.0764,-0.0951193,-0.0994963,0.00437695,1,
  6.512,-10.9184,32.0123,-0.0949293,-0.0992975,0.0043682,1,
  6.522,-10.8965,31.9484,-0.0947396,-0.0990991,0.00435947,1,
  6.532,-10.8748,31.8845,-0.0945503,-0.0989011,0.00435076,1,
  6.542,-10.853,31.8208,-0.0943614,-0.0987035,0.00434207,1,
  6.552,-10.8314,31.7572,-0.0941729,-0.0985063,0.00433339,1,
  6.562,-10.8097,31.6938,-0.0939847,-0.0983095,0.00432473,1,
  6.572,-10.7881,31.6305,-0.0937969,-0.098113,0.0043161,1,
  6.582,-10.7666,31.5673,-0.0936095,-0.097917,0.00430747,1,
  6.592,-10.7451,31.5042,-0.0934225,-0.0977214,0.00429887,1,
  6.602,-10.7236,31.4413,-0.0932359,-0.0975261,0.00429028,1,
  6.612,-10.7022,31.3784,-0.0930496,-0.0973313,0.00428171,1,
  6.622,-10.6808,31.3157,-0.0928636,-0.0971368,0.00427316,1,
  6.632,-10.6594,31.2532,-0.0926781,-0.0969427,0.00426462,1,
  6.642,-10.6381,31.1907,-0.0924929,-0.096749,0.0042561,1,
  6.652,-10.6169,31.1284,-0.0923081,-0.0965557,0.0042476,1,
  6.662,-10.5957,31.0662,-0.0921237,-0.0963628,0.0042391,1,
  6.672,-10.5745,31.0041,-0.0919396,-0.0961703,0.00423064,1,
  6.682,-10.5534,30.9422,-0.091756,-0.0959781,0.00422218,1,
  6.692,-10.5323,30.8804,-0.0915726,-0.0957864,0.00421375,1,
  6.702,-10.5112,30.8187,-0.0913897,-0.095595,0.00420533,1,
  6.712,-10.4902,30.7571,-0.0912071,-0.095404,0.00419693,1,
  6.722,-10.4693,30.6956,-0.0910248,-0.0952134,0.00418853,1,
  6.732,-10.4484,30.6343,-0.090843,-0.0950231,0.00418018,1,
  6.742,-10.4275,30.5731,-0.0906615,-0.0948333,0.00417182,1,
  6.752,-10.4067,30.512,-0.0904803,-0.0946438,0.0041635,1,
  6.762,-10.3859,30.4511,-0.0902995,-0.0944547,0.00415518,1,
  6.772,-10.3651,30.3902,-0.0901191,-0.094266,0.00414687,1,
  6.782,-10.3444,30.3295,-0.0899391,-0.0940776,0.00413859,1,
  6.792,-10.3237,30.2689,-0.0897594,-0.0938897,0.00413032,1,
  6.802,-10.3031,30.2084,-0.08958,-0.0937021,0.00412207,1,
  6.812,-10.2825,30.1481,-0.089401,-0.0935149,0.00411383,1,
  6.822,-10.262,30.0878,-0.0892224,-0.093328,0.00410562,1,
  6.832,-10.2415,30.0277,-0.0890442,-0.0931416,0.00409741,1,
  6.842,-10.221,29.9677,-0.0888662,-0.0929555,0.00408923,1,
  6.852,-10.2006,29.9078,-0.0886887,-0.0927697,0.00408106,1,
  6.862,-10.1802,29.8481,-0.0885115,-0.0925844,0.00407291,1,
  6.872,-10.1599,29.7885,-0.0883346,-0.0923994,0.00406476,1,
  6.882,-10.1396,29.7289,-0.0881581,-0.0922148,0.00405664,1,
  6.892,-10.1193,29.6695,-0.087982,-0.0920305,0.00404853,1,
  6.902,-10.0991,29.6103,-0.0878062,-0.0918467,0.00404045,1,
  6.912,-10.0789,29.5511,-0.0876308,-0.0916631,0.00403237,1,
  6.922,-10.0588,29.4921,-0.0874557,-0.09148,0.00402432,1,
  6.932,-10.0387,29.4331,-0.087281,-0.0912972,0.00401627,1,
  6.942,-10.0186,29.3743,-0.0871066,-0.0911148,0.00400825,1,
  6.952,-9.9986,29.3156,-0.0869325,-0.0909328,0.00400024,1,
  6.962,-9.97863,29.2571,-0.0867588,-0.0907511,0.00399224,1,
  6.972,-9.95869,29.1986,-0.0865855,-0.0905698,0.00398427,1,
  6.982,-9.93879,29.1403,-0.0864125,-0.0903888,0.00397632,1,
  6.992,-9.91894,29.082,-0.0862399,-0.0902082,0.00396837,1,
  7.002,-9.89912,29.0239,-0.0860675,-0.090028,0.00396045,1,
  7.012,-9.87934,28.9659,-0.0858956,-0.0898481,0.00395254,1,
  7.022,-9.8596,28.9081,-0.085724,-0.0896686,0.00394463,1,
  7.032,-9.8399,28.8503,-0.0855527,-0.0894894,0.00393675,1,
  7.042,-9.82024,28.7927,-0.0853817,-0.0893106,0.00392888,1,
  7.052,-9.80062,28.7351,-0.0852111,-0.0891322,0.00392104,1,
  7.062,-9.78104,28.6777,-0.0850409,-0.0889541,0.00391319,1,
  7.072,-9.76149,28.6204,-0.084871,-0.0887764,0.00390537,1,
  7.082,-9.74199,28.5632,-0.0847014,-0.088599,0.00389757,1,
  7.092,-9.72253,28.5062,-0.0845322,-0.088422,0.00388979,1,
  7.102,-9.7031,28.4492,-0.0843633,-0.0882453,0.00388201,1,
  7.112,-9.68371,28.3924,-0.0841947,-0.088069,0.00387426,1,
  7.122,-9.66437,28.3357,-0.0840265,-0.087893,0.00386651,1,
  7.132,-9.64506,28.279,-0.0838586,-0.0877174,0.0038588,1,
  7.142,-9.62579,28.2225,-0.0836911,-0.0875422,0.00385109,1,
  7.152,-9.60655,28.1661,-0.0835239,-0.0873672,0.00384339,1,
  7.162,-9.58736,28.1099,-0.083357,-0.0871927,0.00383571,1,
  7.172,-9.5682,28.0537,-0.0831904,-0.0870185,0.00382805,1,
  7.182,-9.54909,27.9977,-0.0830242,-0.0868446,0.0038204,1,
  7.192,-9.53001,27.9417,-0.0828583,-0.0866711,0.00381277,1,
  7.202,-9.51097,27.8859,-0.0826928,-0.0864979,0.00380514,1,
  7.212,-9.49196,27.8302,-0.0825276,-0.0863251,0.00379754,1,
  7.222,-9.473,27.7746,-0.0823627,-0.0861526,0.00378995,1,
  7.232,-9.45407,27.7191,-0.0821981,-0.0859805,0.00378239,1,
  7.242,-9.43518,27.6637,-0.0820339,-0.0858087,0.00377482,1,
  7.252,-9.41633,27.6084,-0.08187,-0.0856373,0.00376729,1,
  7.262,-9.39752,27.5533,-0.0817064,-0.0854662,0.00375976,1,
  7.272,-9.37874,27.4982,-0.0815431,-0.0852954,0.00375225,1,
  7.282,-9.36,27.4433,-0.0813802,-0.085125,0.00374476,1,
  7.292,-9.3413,27.3884,-0.0812176,-0.0849549,0.00373726,1,
  7.302,-9.32264,27.3337,-0.0810554,-0.0847851,0.00372979,1,
  7.312,-9.30401,27.2791,-0.0808934,-0.0846157,0.00372234,1,
  7.322,-9.28542,27.2246,-0.0807318,-0.0844467,0.00371491,1,
  7.332,-9.26687,27.1702,-0.0805705,-0.084278,0.00370748,1,
  7.342,-9.24835,27.1159,-0.0804095,-0.0841096,0.00370008,1,
  7.352,-9.22987,27.0617,-0.0802488,-0.0839415,0.00369268,1,
  7.362,-9.21143,27.0077,-0.0800885,-0.0837738,0.00368531,1,
  7.372,-9.19303,26.9537,-0.0799285,-0.0836064,0.00367794,1,
  7.382,-9.17466,26.8999,-0.0797688,-0.0834394,0.0036706,1,
  7.392,-9.15633,26.8461,-0.0796094,-0.0832727,0.00366326,1,
  7.402,-9.13803,26.7925,-0.0794503,-0.0831063,0.00365594,1,
  7.412,-9.11978,26.7389,-0.0792916,-0.0829402,0.00364864,1,
  7.422,-9.10156,26.6855,-0.0791332,-0.0827745,0.00364135,1,
  7.432,-9.08337,26.6322,-0.0789751,-0.0826091,0.00363407,1,
  7.442,-9.06522,26.579,-0.0788173,-0.0824441,0.0036268,1,
  7.452,-9.04711,26.5259,-0.0786598,-0.0822794,0.00361955,1,
  7.462,-9.02903,26.4729,-0.0785026,-0.082115,0.00361233,1,
  7.472,-9.01099,26.42,-0.0783458,-0.0819509,0.00360511,1,
  7.482,-8.99299,26.3672,-0.0781893,-0.0817872,0.00359792,1,
  7.492,-8.97502,26.3145,-0.078033,-0.0816238,0.00359072,1,
  7.502,-8.95709,26.2619,-0.0778771,-0.0814607,0.00358355,1,
  7.512,-8.93919,26.2095,-0.0777215,-0.0812979,0.00357638,1,
  7.522,-8.92133,26.1571,-0.0775662,-0.0811355,0.00356923,1,
  7.532,-8.90351,26.1048,-0.0774113,-0.0809734,0.00356209,1,
  7.542,-8.88572,26.0527,-0.0772566,-0.0808116,0.00355497,1,
  7.552,-8.86796,26.0006,-0.0771022,-0.0806501,0.00354786,1,
  7.562,-8.85024,25.9487,-0.0769482,-0.080489,0.00354077,1,
  7.572,-8.83256,25.8968,-0.0767944,-0.0803281,0.0035337,1,
  7.582,-8.81492,25.8451,-0.076641,-0.0801677,0.00352665,1,
  7.592,-8.7973,25.7935,-0.0764879,-0.0800075,0.00351961,1,
  7.602,-8.77973,25.7419,-0.0763351,-0.0798476,0.00351257,1,
  7.612,-8.76218,25.6905,-0.0761825,-0.0796881,0.00350555,1,
  7.622,-8.74468,25.6392,-0.0760303,-0.0795289,0.00349856,1,
  7.632,-8.72721,25.5879,-0.0758784,-0.07937,0.00349156,1,
  7.642,-8.70977,25.5368,-0.0757268,-0.0792114,0.00348458,1,
  7.652,-8.69237,25.4858,-0.0755755,-0.0790531,0.00347763,1,
  7.662,-8.675,25.4349,-0.0754245,-0.0788952,0.00347067,1,
  7.672,-8.65767,25.384,-0.0752738,-0.0787376,0.00346375,1,
  7.682,-8.64037,25.3333,-0.0751234,-0.0785802,0.00345682,1,
  7.692,-8.62311,25.2827,-0.0749733,-0.0784232,0.00344992,1,
  7.702,-8.60588,25.2322,-0.0748235,-0.0782665,0.00344302,1,
  7.712,-8.58868,25.1818,-0.074674,-0.0781102,0.00343615,1,
  7.722,-8.57152,25.1315,-0.0745248,-0.0779541,0.00342927,1,
  7.732,-8.5544,25.0813,-0.0743759,-0.0777984,0.00342243,1,
  7.742,-8.5373,25.0311,-0.0742273,-0.0776429,0.00341559,1,
  7.752,-8.52025,24.9811,-0.074079,-0.0774878,0.00340876,1,
  7.762,-8.50322,24.9312,-0.073931,-0.077333,0.00340196,1,
  7.772,-8.48623,24.8814,-0.0737833,-0.0771784,0.00339516,1,
  7.782,-8.46928,24.8317,-0.0736359,-0.0770242,0.00338838,1,
  7.792,-8.45236,24.7821,-0.0734887,-0.0768703,0.0033816,1,
  7.802,-8.43547,24.7326,-0.0733419,-0.0767168,0.00337485,1,
  7.812,-8.41861,24.6832,-0.0731954,-0.0765635,0.0033681,1,
  7.822,-8.40179,24.6338,-0.0730491,-0.0764105,0.00336138,1,
  7.832,-8.38501,24.5846,-0.0729032,-0.0762578,0.00335467,1,
  7.842,-8.36825,24.5355,-0.0727575,-0.0761055,0.00334797,1,
  7.852,-8.35153,24.4865,-0.0726122,-0.0759534,0.00334127,1,
  7.862,-8.33485,24.4375,-0.0724671,-0.0758017,0.0033346,1,
  7.872,-8.3182,24.3887,-0.0723223,-0.0756502,0.00332793,1,
  7.882,-8.30158,24.34,-0.0721778,-0.0754991,0.00332129,1,
  7.892,-8.28499,24.2914,-0.0720336,-0.0753482,0.00331465,1,
  7.902,-8.26844,24.2428,-0.0718896,-0.0751977,0.00330804,1,
  7.912,-8.25192,24.1944,-0.071746,-0.0750474,0.00330142,1,
  7.922,-8.23543,24.1461,-0.0716027,-0.0748975,0.00329483,1,
  7.932,-8.21898,24.0978,-0.0714596,-0.0747479,0.00328825,1,
  7.942,-8.20255,24.0497,-0.0713168,-0.0745985,0.00328168,1,
  7.952,-8.18616,24.0016,-0.0711743,-0.0744495,0.00327512,1,
  7.962,-8.16981,23.9537,-0.0710321,-0.0743007,0.00326858,1,
  7.972,-8.15349,23.9058,-0.0708902,-0.0741523,0.00326205,1,
  7.982,-8.13719,23.858,-0.0707486,-0.0740041,0.00325553,1,
  7.992,-8.12094,23.8104,-0.0706072,-0.0738562,0.00324902,1,
  8.002,-8.10471,23.7628,-0.0704661,-0.0737087,0.00324254,1,
  8.012,-8.08852,23.7153,-0.0703253,-0.0735614,0.00323606,1,
  8.022,-8.07236,23.6679,-0.0701848,-0.0734144,0.0032296,1,
  8.032,-8.05623,23.6206,-0.0700446,-0.0732677,0.00322313,1,
  8.042,-8.04013,23.5734,-0.0699047,-0.0731214,0.0032167,1,
  8.052,-8.02407,23.5263,-0.069765,-0.0729753,0.00321027,1,
  8.062,-8.00804,23.4793,-0.0696256,-0.0728294,0.00320386,1,
  8.072,-7.99204,23.4324,-0.0694865,-0.0726839,0.00319745,1,
  8.082,-7.97607,23.3856,-0.0693477,-0.0725387,0.00319106,1,
  8.092,-7.96013,23.3389,-0.0692091,-0.0723938,0.00318469,1,
  8.102,-7.94423,23.2923,-0.0690708,-0.0722491,0.00317833,1,
  8.112,-7.92835,23.2457,-0.0689328,-0.0721048,0.00317197,1,
  8.122,-7.91251,23.1993,-0.0687951,-0.0719607,0.00316564,1,
  8.132,-7.8967,23.1529,-0.0686576,-0.071817,0.00315932,1,
  8.142,-7.88093,23.1067,-0.0685204,-0.0716735,0.00315301,1,
  8.152,-7.86518,23.0605,-0.0683836,-0.0715303,0.0031467,1,
  8.162,-7.84947,23.0144,-0.0682469,-0.0713873,0.00314042,1,
  8.172,-7.83378,22.9684,-0.0681106,-0.0712447,0.00313414,1,
  8.182,-7.81813,22.9225,-0.0679745,-0.0711024,0.00312788,1,
  8.192,-7.80251,22.8767,-0.0678387,-0.0709603,0.00312162,1,
  8.202,-7.78692,22.831,-0.0677031,-0.0708185,0.00311539,1,
  8.212,-7.77136,22.7854,-0.0675678,-0.070677,0.00310917,1,
  8.222,-7.75584,22.7399,-0.0674328,-0.0705358,0.00310296,1,
  8.232,-7.74034,22.6945,-0.0672981,-0.0703949,0.00309675,1,
  8.242,-7.72487,22.6491,-0.0671637,-0.0702542,0.00309057,1,
  8.252,-7.70944,22.6039,-0.0670295,-0.0701139,0.00308439,1,
  8.262,-7.69404,22.5587,-0.0668955,-0.0699738,0.00307824,1,
  8.272,-7.67866,22.5136,-0.0667619,-0.069834,0.00307209,1,
  8.282,-7.66332,22.4686,-0.0666285,-0.0696944,0.00306594,1,
  8.292,-7.64801,22.4238,-0.0664954,-0.0695552,0.00305981,1,
  8.302,-7.63273,22.379,-0.0663625,-0.0694162,0.00305371,1,
  8.312,-7.61748,22.3342,-0.0662299,-0.0692775,0.00304761,1,
  8.322,-7.60226,22.2896,-0.0660976,-0.0691391,0.00304151,1,
  8.332,-7.58707,22.2451,-0.0659655,-0.069001,0.00303543,1,
  8.342,-7.57191,22.2006,-0.0658337,-0.0688631,0.00302937,1,
  8.352,-7.55678,22.1563,-0.0657022,-0.0687255,0.00302332,1,
  8.362,-7.54168,22.112,-0.0655709,-0.0685882,0.00301727,1,
  8.372,-7.52662,22.0678,-0.0654399,-0.0684512,0.00301125,1,
  8.382,-7.51158,22.0237,-0.0653092,-0.0683144,0.00300523,1,
  8.392,-7.49657,21.9797,-0.0651787,-0.0681779,0.00299923,1,
  8.402,-7.48159,21.9358,-0.0650484,-0.0680417,0.00299323,1,
  8.412,-7.46664,21.892,-0.0649185,-0.0679057,0.00298725,1,
  8.422,-7.45172,21.8483,-0.0647888,-0.0677701,0.00298129,1,
  8.432,-7.43684,21.8046,-0.0646593,-0.0676347,0.00297533,1,
  8.442,-7.42198,21.761,-0.0645301,-0.0674995,0.00296938,1,
  8.452,-7.40715,21.7176,-0.0644012,-0.0673647,0.00296345,1,
  8.462,-7.39235,21.6742,-0.0642725,-0.0672301,0.00295753,1,
  8.472,-7.37758,21.6309,-0.0641441,-0.0670957,0.00295162,1,
  8.482,-7.36284,21.5876,-0.064016,-0.0669617,0.00294572,1,
  8.492,-7.34813,21.5445,-0.0638881,-0.0668279,0.00293983,1,
  8.502,-7.33345,21.5015,-0.0637604,-0.0666944,0.00293396,1,
  8.512,-7.31879,21.4585,-0.063633,-0.0665611,0.00292811,1,
  8.522,-7.30417,21.4156,-0.0635059,-0.0664281,0.00292226,1,
  8.532,-7.28958,21.3728,-0.063379,-0.0662954,0.00291641,1,
  8.542,-7.27501,21.3301,-0.0632524,-0.0661629,0.00291058,1,
  8.552,-7.26048,21.2875,-0.063126,-0.0660307,0.00290478,1,
  8.562,-7.24597,21.245,-0.0629998,-0.0658988,0.00289898,1,
  8.572,-7.23149,21.2025,-0.062874,-0.0657671,0.00289317,1,
  8.582,-7.21704,21.1602,-0.0627484,-0.0656357,0.00288739,1,
  8.592,-7.20262,21.1179,-0.062623,-0.0655046,0.00288163,1,
  8.602,-7.18823,21.0757,-0.0624979,-0.0653737,0.00287587,1,
  8.612,-7.17387,21.0336,-0.062373,-0.0652431,0.00287012,1,
  8.622,-7.15954,20.9916,-0.0622484,-0.0651128,0.00286439,1,
  8.632,-7.14523,20.9496,-0.062124,-0.0649827,0.00285867,1,
  8.642,-7.13096,20.9078,-0.0619999,-0.0648528,0.00285296,1,
  8.652,-7.11671,20.866,-0.061876,-0.0647233,0.00284725,1,
  8.662,-7.10249,20.8243,-0.0617524,-0.0645939,0.00284156,1,
  8.672,-7.0883,20.7827,-0.061629,-0.0644649,0.00283589,1,
  8.682,-7.07414,20.7412,-0.0615058,-0.0643361,0.00283023,1,
  8.692,-7.06,20.6997,-0.061383,-0.0642075,0.00282456,1,
  8.702,-7.0459,20.6584,-0.0612603,-0.0640792,0.00281892,1,
  8.712,-7.03182,20.6171,-0.0611379,-0.0639512,0.00281329,1,
  8.722,-7.01777,20.5759,-0.0610158,-0.0638234,0.00280768,1,
  8.732,-7.00375,20.5348,-0.0608939,-0.0636959,0.00280206,1,
  8.742,-6.98976,20.4938,-0.0607722,-0.0635687,0.00279646,1,
  8.752,-6.97579,20.4528,-0.0606508,-0.0634416,0.00279087,1,
  8.762,-6.96185,20.412,-0.0605296,-0.0633149,0.0027853,1,
  8.772,-6.94794,20.3712,-0.0604086,-0.0631884,0.00277974,1,
  8.782,-6.93406,20.3305,-0.060288,-0.0630621,0.00277417,1,
  8.792,-6.9202,20.2899,-0.0601675,-0.0629361,0.00276863,1,
  8.802,-6.90638,20.2493,-0.0600473,-0.0628104,0.0027631,1,
  8.812,-6.89258,20.2089,-0.0599273,-0.0626849,0.00275758,1,
  8.822,-6.87881,20.1685,-0.0598076,-0.0625596,0.00275206,1,
  8.832,-6.86506,20.1282,-0.0596881,-0.0624346,0.00274657,1,
  8.842,-6.85135,20.088,-0.0595688,-0.0623099,0.00274108,1,
  8.852,-6.83766,20.0478,-0.0594498,-0.0621854,0.00273561,1,
  8.862,-6.824,20.0078,-0.059331,-0.0620612,0.00273014,1,
  8.872,-6.81036,19.9678,-0.0592125,-0.0619372,0.00272469,1,
  8.882,-6.79676,19.9279,-0.0590942,-0.0618134,0.00271924,1,
  8.892,-6.78318,19.8881,-0.0589761,-0.0616899,0.00271381,1,
  8.902,-6.76962,19.8484,-0.0588583,-0.0615667,0.00270838,1,
  8.912,-6.7561,19.8087,-0.0587407,-0.0614436,0.00270298,1,
  8.922,-6.7426,19.7691,-0.0586233,-0.0613209,0.00269758,1,
  8.932,-6.72913,19.7296,-0.0585062,-0.0611984,0.0026922,1,
  8.942,-6.71568,19.6902,-0.0583893,-0.0610761,0.0026868,1,
  8.952,-6.70226,19.6509,-0.0582726,-0.0609541,0.00268144,1,
  8.962,-6.68887,19.6116,-0.0581562,-0.0608323,0.00267609,1,
  8.972,-6.67551,19.5724,-0.05804,-0.0607107,0.00267074,1,
  8.982,-6.66217,19.5333,-0.057924,-0.0605894,0.0026654,1,
  8.992,-6.64886,19.4943,-0.0578083,-0.0604684,0.00266007,1,
  9.002,-6.63558,19.4553,-0.0576928,-0.0603476,0.00265476,1,
  9.012,-6.62232,19.4165,-0.0575775,-0.060227,0.00264946,1,
  9.022,-6.60909,19.3777,-0.0574625,-0.0601066,0.00264417,1,
  9.032,-6.59588,19.3389,-0.0573477,-0.0599866,0.00263888,1,
  9.042,-6.5827,19.3003,-0.0572331,-0.0598667,0.0026336,1,
  9.052,-6.56955,19.2617,-0.0571187,-0.0597471,0.00262835,1,
  9.062,-6.55643,19.2233,-0.0570046,-0.0596277,0.0026231,1,
  9.072,-6.54333,19.1849,-0.0568907,-0.0595086,0.00261785,1,
  9.082,-6.53025,19.1465,-0.0567771,-0.0593897,0.00261263,1,
  9.092,-6.5172,19.1083,-0.0566636,-0.059271,0.0026074,1,
  9.102,-6.50418,19.0701,-0.0565504,-0.0591526,0.0026022,1,
  9.112,-6.49119,19.032,-0.0564374,-0.0590344,0.00259699,1,
  9.122,-6.47822,18.994,-0.0563247,-0.0589165,0.0025918,1,
  9.132,-6.46527,18.956,-0.0562121,-0.0587987,0.00258663,1,
  9.142,-6.45236,18.9181,-0.0560998,-0.0586813,0.00258146,1,
  9.152,-6.43947,18.8803,-0.0559877,-0.058564,0.0025763,1,
  9.162,-6.4266,18.8426,-0.0558759,-0.058447,0.00257115,1,
  9.172,-6.41376,18.805,-0.0557642,-0.0583302,0.00256602,1,
  9.182,-6.40094,18.7674,-0.0556528,-0.0582137,0.00256089,1,
  9.192,-6.38815,18.7299,-0.0555416,-0.0580974,0.00255577,1,
  9.202,-6.37539,18.6925,-0.0554306,-0.0579813,0.00255066,1,
  9.212,-6.36265,18.6551,-0.0553199,-0.0578654,0.00254557,1,
  9.222,-6.34994,18.6178,-0.0552093,-0.0577498,0.00254049,1,
  9.232,-6.33725,18.5807,-0.055099,-0.0576344,0.0025354,1,
  9.242,-6.32459,18.5435,-0.054989,-0.0575193,0.00253034,1,
  9.252,-6.31195,18.5065,-0.0548791,-0.0574044,0.00252529,1,
  9.262,-6.29934,18.4695,-0.0547694,-0.0572897,0.00252024,1,
  9.272,-6.28676,18.4326,-0.05466,-0.0571752,0.00251521,1,
  9.282,-6.2742,18.3958,-0.0545508,-0.057061,0.00251017,1,
  9.292,-6.26166,18.359,-0.0544418,-0.056947,0.00250516,1,
  9.302,-6.24915,18.3223,-0.054333,-0.0568332,0.00250016,1,
  9.312,-6.23666,18.2857,-0.0542245,-0.0567196,0.00249517,1,
  9.322,-6.2242,18.2492,-0.0541161,-0.0566063,0.00249017,1,
  9.332,-6.21177,18.2127,-0.054008,-0.0564932,0.0024852,1,
  9.342,-6.19936,18.1763,-0.0539001,-0.0563803,0.00248023,1,
  9.352,-6.18697,18.14,-0.0537924,-0.0562677,0.00247529,1,
  9.362,-6.17461,18.1038,-0.0536849,-0.0561553,0.00247033,1,
  9.372,-6.16227,18.0676,-0.0535777,-0.0560431,0.0024654,1,
  9.382,-6.14996,18.0315,-0.0534706,-0.0559311,0.00246048,1,
  9.392,-6.13767,17.9955,-0.0533638,-0.0558193,0.00245556,1,
  9.402,-6.12541,17.9595,-0.0532572,-0.0557078,0.00245065,1,
  9.412,-6.11317,17.9236,-0.0531508,-0.0555965,0.00244576,1,
  9.422,-6.10096,17.8878,-0.0530446,-0.0554854,0.00244088,1,
  9.432,-6.08877,17.8521,-0.0529386,-0.0553746,0.002436,1,
  9.442,-6.0766,17.8164,-0.0528328,-0.0552639,0.00243112,1,
  9.452,-6.06446,17.7808,-0.0527272,-0.0551535,0.00242627,1,
  9.462,-6.05234,17.7453,-0.0526219,-0.0550433,0.00242143,1,
  9.472,-6.04025,17.7098,-0.0525168,-0.0549333,0.00241659,1,
  9.482,-6.02818,17.6745,-0.0524118,-0.0548236,0.00241175,1,
  9.492,-6.01614,17.6392,-0.0523071,-0.054714,0.00240693,1,
  9.502,-6.00412,17.6039,-0.0522026,-0.0546047,0.00240212,1,
  9.512,-5.99212,17.5687,-0.0520983,-0.0544956,0.00239731,1,
  9.522,-5.98015,17.5336,-0.0519942,-0.0543867,0.00239253,1,
  9.532,-5.9682,17.4986,-0.0518903,-0.0542781,0.00238775,1,
  9.542,-5.95628,17.4636,-0.0517866,-0.0541696,0.00238299,1,
  9.552,-5.94438,17.4287,-0.0516832,-0.0540614,0.00237823,1,
  9.562,-5.9325,17.3939,-0.0515799,-0.0539534,0.00237347,1,
  9.572,-5.92064,17.3592,-0.0514769,-0.0538456,0.00236871,1,
  9.582,-5.90881,17.3245,-0.051374,-0.053738,0.00236398,1,
  9.592,-5.89701,17.2899,-0.0512714,-0.0536306,0.00235925,1,
  9.602,-5.88522,17.2553,-0.0511689,-0.0535234,0.00235453,1,
  9.612,-5.87347,17.2209,-0.0510667,-0.0534165,0.00234982,1,
  9.622,-5.86173,17.1864,-0.0509647,-0.0533098,0.00234513,1,
  9.632,-5.85002,17.1521,-0.0508628,-0.0532033,0.00234045,1,
  9.642,-5.83833,17.1178,-0.0507612,-0.053097,0.00233578,1,
  9.652,-5.82667,17.0836,-0.0506598,-0.0529909,0.00233111,1,
  9.662,-5.81502,17.0495,-0.0505586,-0.052885,0.00232645,1,
  9.672,-5.80341,17.0154,-0.0504575,-0.0527793,0.0023218,1,
  9.682,-5.79181,16.9814,-0.0503567,-0.0526739,0.00231717,1,
  9.692,-5.78024,16.9475,-0.0502561,-0.0525687,0.00231253,1,
  9.702,-5.76869,16.9136,-0.0501557,-0.0524636,0.00230791,1,
  9.712,-5.75716,16.8799,-0.0500555,-0.0523588,0.00230331,1,
  9.722,-5.74566,16.8461,-0.0499555,-0.0522542,0.00229871,1,
  9.732,-5.73418,16.8125,-0.0498557,-0.0521498,0.00229411,1,
  9.742,-5.72273,16.7789,-0.0497561,-0.0520456,0.00228953,1,
  9.752,-5.71129,16.7454,-0.0496566,-0.0519416,0.00228496,1,
  9.762,-5.69988,16.7119,-0.0495574,-0.0518378,0.0022804,1,
  9.772,-5.68849,16.6785,-0.0494584,-0.0517343,0.00227584,1,
  9.782,-5.67713,16.6452,-0.0493596,-0.0516309,0.00227128,1,
  9.792,-5.66578,16.6119,-0.049261,-0.0515277,0.00226675,1,
  9.802,-5.65446,16.5787,-0.0491626,-0.0514248,0.00226222,1,
  9.812,-5.64317,16.5456,-0.0490643,-0.051322,0.00225771,1,
  9.822,-5.63189,16.5126,-0.0489663,-0.0512195,0.00225319,1,
  9.832,-5.62064,16.4796,-0.0488685,-0.0511172,0.00224869,1,
  9.842,-5.60941,16.4466,-0.0487708,-0.051015,0.0022442,1,
  9.852,-5.5982,16.4138,-0.0486734,-0.0509131,0.00223971,1,
  9.862,-5.58702,16.381,-0.0485761,-0.0508114,0.00223524,1,
  9.872,-5.57585,16.3483,-0.0484791,-0.0507098,0.00223077,1,
  9.882,-5.56471,16.3156,-0.0483822,-0.0506085,0.00222632,1,
  9.892,-5.55359,16.283,-0.0482855,-0.0505074,0.00222187,1,
  9.902,-5.5425,16.2505,-0.0481891,-0.0504065,0.00221743,1,
  9.912,-5.53142,16.218,-0.0480928,-0.0503058,0.002213,1,
  9.922,-5.52037,16.1856,-0.0479967,-0.0502053,0.00220858,1,
  9.932,-5.50934,16.1532,-0.0479008,-0.050105,0.00220417,1,
  9.942,-5.49833,16.121,-0.0478051,-0.0500049,0.00219976,1,
  9.952,-5.48735,16.0888,-0.0477096,-0.049905,0.00219537,1,
  9.962,-5.47639,16.0566,-0.0476143,-0.0498052,0.00219098,1,
  9.972,-5.46544,16.0245,-0.0475191,-0.0497057,0.00218661,1,
  9.982,-5.45452,15.9925,-0.0474242,-0.0496064,0.00218223,1,
